{"v":5,"entries":{"app-pages--dashboard":{"type":"story","subtype":"story","id":"app-pages--dashboard","name":"Dashboard","title":"App Pages","importPath":"./src/Pages.story.tsx","tags":["dev","test"],"exportName":"Dashboard"},"app-pages--dashboard-empty":{"type":"story","subtype":"story","id":"app-pages--dashboard-empty","name":"Dashboard Empty","title":"App Pages","importPath":"./src/Pages.story.tsx","tags":["dev","test"],"exportName":"DashboardEmpty"},"app-pages--transactions-page":{"type":"story","subtype":"story","id":"app-pages--transactions-page","name":"Transactions Page","title":"App Pages","importPath":"./src/Pages.story.tsx","tags":["dev","test"],"exportName":"TransactionsPage"},"app-pages--transactions-error":{"type":"story","subtype":"story","id":"app-pages--transactions-error","name":"Transactions Error","title":"App Pages","importPath":"./src/Pages.story.tsx","tags":["dev","test"],"exportName":"TransactionsError"},"app-pages--accounts-page":{"type":"story","subtype":"story","id":"app-pages--accounts-page","name":"Accounts Page","title":"App Pages","importPath":"./src/Pages.story.tsx","tags":["dev","test"],"exportName":"AccountsPage"},"app-pages--accounts-empty":{"type":"story","subtype":"story","id":"app-pages--accounts-empty","name":"Accounts Empty","title":"App Pages","importPath":"./src/Pages.story.tsx","tags":["dev","test"],"exportName":"AccountsEmpty"},"app-pages--categories-page":{"type":"story","subtype":"story","id":"app-pages--categories-page","name":"Categories Page","title":"App Pages","importPath":"./src/Pages.story.tsx","tags":["dev","test"],"exportName":"CategoriesPage"},"app-pages--vendors-page":{"type":"story","subtype":"story","id":"app-pages--vendors-page","name":"Vendors Page","title":"App Pages","importPath":"./src/Pages.story.tsx","tags":["dev","test"],"exportName":"VendorsPage"},"app-pages--periods":{"type":"story","subtype":"story","id":"app-pages--periods","name":"Periods","title":"App Pages","importPath":"./src/Pages.story.tsx","tags":["dev","test"],"exportName":"Periods"},"app-pages--overlays":{"type":"story","subtype":"story","id":"app-pages--overlays","name":"Overlays","title":"App Pages","importPath":"./src/Pages.story.tsx","tags":["dev","test"],"exportName":"Overlays"},"app-pages--settings":{"type":"story","subtype":"story","id":"app-pages--settings","name":"Settings","title":"App Pages","importPath":"./src/Pages.story.tsx","tags":["dev","test"],"exportName":"Settings"},"app-pages--login":{"type":"story","subtype":"story","id":"app-pages--login","name":"Login","title":"App Pages","importPath":"./src/Pages.story.tsx","tags":["dev","test"],"exportName":"Login"},"app-pages--register":{"type":"story","subtype":"story","id":"app-pages--register","name":"Register","title":"App Pages","importPath":"./src/Pages.story.tsx","tags":["dev","test"],"exportName":"Register"},"app-pages--forgot-password":{"type":"story","subtype":"story","id":"app-pages--forgot-password","name":"Forgot Password","title":"App Pages","importPath":"./src/Pages.story.tsx","tags":["dev","test"],"exportName":"ForgotPassword"},"app-pages--msw-debug":{"type":"story","subtype":"story","id":"app-pages--msw-debug","name":"MSW Debug","title":"App Pages","importPath":"./src/Pages.story.tsx","tags":["dev","test"],"exportName":"MSWDebug"},"components-accounts-accountcard--default":{"type":"story","subtype":"story","id":"components-accounts-accountcard--default","name":"Default","title":"Components/Accounts/AccountCard","importPath":"./src/components/Accounts/AccountCard.story.tsx","componentPath":"./src/components/Accounts/AccountCard.tsx","tags":["dev","test","autodocs"],"exportName":"Default"},"components-accounts-accountcard--with-spend-limit":{"type":"story","subtype":"story","id":"components-accounts-accountcard--with-spend-limit","name":"With Spend Limit","title":"Components/Accounts/AccountCard","importPath":"./src/components/Accounts/AccountCard.story.tsx","componentPath":"./src/components/Accounts/AccountCard.tsx","tags":["dev","test","autodocs"],"exportName":"WithSpendLimit"},"components-accounts-accountstableview--interactive":{"type":"story","subtype":"story","id":"components-accounts-accountstableview--interactive","name":"Interactive","title":"Components/Accounts/AccountsTableView","importPath":"./src/components/Accounts/AccountsTableView.story.tsx","componentPath":"./src/components/Accounts/AccountsTableView.tsx","tags":["dev","test","play-fn"],"exportName":"Interactive"},"components-accounts-accountstableview--loading":{"type":"story","subtype":"story","id":"components-accounts-accountstableview--loading","name":"Loading","title":"Components/Accounts/AccountsTableView","importPath":"./src/components/Accounts/AccountsTableView.story.tsx","componentPath":"./src/components/Accounts/AccountsTableView.tsx","tags":["dev","test"],"exportName":"Loading"},"components-accounts-accountstableview--empty":{"type":"story","subtype":"story","id":"components-accounts-accountstableview--empty","name":"Empty","title":"Components/Accounts/AccountsTableView","importPath":"./src/components/Accounts/AccountsTableView.story.tsx","componentPath":"./src/components/Accounts/AccountsTableView.tsx","tags":["dev","test"],"exportName":"Empty"},"components-accounts-editaccountform--default":{"type":"story","subtype":"story","id":"components-accounts-editaccountform--default","name":"Default","title":"Components/Accounts/EditAccountForm","importPath":"./src/components/Accounts/EditAccountForm.story.tsx","componentPath":"./src/components/Accounts/EditAccountForm.tsx","tags":["dev","test"],"exportName":"Default"},"components-accounts-editaccountform--with-savings":{"type":"story","subtype":"story","id":"components-accounts-editaccountform--with-savings","name":"With Savings","title":"Components/Accounts/EditAccountForm","importPath":"./src/components/Accounts/EditAccountForm.story.tsx","componentPath":"./src/components/Accounts/EditAccountForm.tsx","tags":["dev","test"],"exportName":"WithSavings"},"components-budget-budgetcategoryitem--on-track":{"type":"story","subtype":"story","id":"components-budget-budgetcategoryitem--on-track","name":"On Track","title":"Components/Budget/BudgetCategoryItem","importPath":"./src/components/Budget/BudgetCategoryItem.story.tsx","componentPath":"./src/components/Budget/BudgetCategoryItem.tsx","tags":["dev","test","autodocs"],"exportName":"OnTrack"},"components-budget-budgetcategoryitem--near-limit":{"type":"story","subtype":"story","id":"components-budget-budgetcategoryitem--near-limit","name":"Near Limit","title":"Components/Budget/BudgetCategoryItem","importPath":"./src/components/Budget/BudgetCategoryItem.story.tsx","componentPath":"./src/components/Budget/BudgetCategoryItem.tsx","tags":["dev","test","autodocs"],"exportName":"NearLimit"},"components-budget-budgetcategoryitem--over-budget":{"type":"story","subtype":"story","id":"components-budget-budgetcategoryitem--over-budget","name":"Over Budget","title":"Components/Budget/BudgetCategoryItem","importPath":"./src/components/Budget/BudgetCategoryItem.story.tsx","componentPath":"./src/components/Budget/BudgetCategoryItem.tsx","tags":["dev","test","autodocs"],"exportName":"OverBudget"},"components-budget-budgetcategoryitem--not-started":{"type":"story","subtype":"story","id":"components-budget-budgetcategoryitem--not-started","name":"Not Started","title":"Components/Budget/BudgetCategoryItem","importPath":"./src/components/Budget/BudgetCategoryItem.story.tsx","componentPath":"./src/components/Budget/BudgetCategoryItem.tsx","tags":["dev","test","autodocs"],"exportName":"NotStarted"},"components-budget-budgetcategoryitem--editing-mode":{"type":"story","subtype":"story","id":"components-budget-budgetcategoryitem--editing-mode","name":"Editing Mode","title":"Components/Budget/BudgetCategoryItem","importPath":"./src/components/Budget/BudgetCategoryItem.story.tsx","componentPath":"./src/components/Budget/BudgetCategoryItem.tsx","tags":["dev","test","autodocs"],"exportName":"EditingMode"},"components-budget-budgetcategoryitem--restaurant-category":{"type":"story","subtype":"story","id":"components-budget-budgetcategoryitem--restaurant-category","name":"Restaurant Category","title":"Components/Budget/BudgetCategoryItem","importPath":"./src/components/Budget/BudgetCategoryItem.story.tsx","componentPath":"./src/components/Budget/BudgetCategoryItem.tsx","tags":["dev","test","autodocs"],"exportName":"RestaurantCategory"},"components-budgetperiodselector--default":{"type":"story","subtype":"story","id":"components-budgetperiodselector--default","name":"Default","title":"Components/BudgetPeriodSelector","importPath":"./src/components/BudgetPeriodSelector/BudgetPeriodSelector.story.tsx","componentPath":"./src/components/BudgetPeriodSelector/BudgetPeriodSelector.tsx","tags":["dev","test","autodocs"],"exportName":"Default"},"components-budgetperiodselector--no-periods":{"type":"story","subtype":"story","id":"components-budgetperiodselector--no-periods","name":"No Periods","title":"Components/BudgetPeriodSelector","importPath":"./src/components/BudgetPeriodSelector/BudgetPeriodSelector.story.tsx","componentPath":"./src/components/BudgetPeriodSelector/BudgetPeriodSelector.tsx","tags":["dev","test","autodocs"],"exportName":"NoPeriods"},"components-budgetperiodselector--mobile":{"type":"story","subtype":"story","id":"components-budgetperiodselector--mobile","name":"Mobile","title":"Components/BudgetPeriodSelector","importPath":"./src/components/BudgetPeriodSelector/BudgetPeriodSelector.story.tsx","componentPath":"./src/components/BudgetPeriodSelector/BudgetPeriodSelector.tsx","tags":["dev","test","autodocs"],"exportName":"Mobile"},"components-categories-categorycard--outgoing":{"type":"story","subtype":"story","id":"components-categories-categorycard--outgoing","name":"Outgoing","title":"Components/Categories/CategoryCard","importPath":"./src/components/Categories/CategoryCard.story.tsx","componentPath":"./src/components/Categories/CategoryCard.tsx","tags":["dev","test","autodocs"],"exportName":"Outgoing"},"components-categories-categorycard--incoming":{"type":"story","subtype":"story","id":"components-categories-categorycard--incoming","name":"Incoming","title":"Components/Categories/CategoryCard","importPath":"./src/components/Categories/CategoryCard.story.tsx","componentPath":"./src/components/Categories/CategoryCard.tsx","tags":["dev","test","autodocs"],"exportName":"Incoming"},"components-categories-categorycard--transfer":{"type":"story","subtype":"story","id":"components-categories-categorycard--transfer","name":"Transfer","title":"Components/Categories/CategoryCard","importPath":"./src/components/Categories/CategoryCard.story.tsx","componentPath":"./src/components/Categories/CategoryCard.tsx","tags":["dev","test","autodocs"],"exportName":"Transfer"},"components-categories-categorycard--no-trend":{"type":"story","subtype":"story","id":"components-categories-categorycard--no-trend","name":"No Trend","title":"Components/Categories/CategoryCard","importPath":"./src/components/Categories/CategoryCard.story.tsx","componentPath":"./src/components/Categories/CategoryCard.tsx","tags":["dev","test","autodocs"],"exportName":"NoTrend"},"components-categories-categorycard--high-activity":{"type":"story","subtype":"story","id":"components-categories-categorycard--high-activity","name":"High Activity","title":"Components/Categories/CategoryCard","importPath":"./src/components/Categories/CategoryCard.story.tsx","componentPath":"./src/components/Categories/CategoryCard.tsx","tags":["dev","test","autodocs"],"exportName":"HighActivity"},"components-categories-categorycard--low-activity":{"type":"story","subtype":"story","id":"components-categories-categorycard--low-activity","name":"Low Activity","title":"Components/Categories/CategoryCard","importPath":"./src/components/Categories/CategoryCard.story.tsx","componentPath":"./src/components/Categories/CategoryCard.tsx","tags":["dev","test","autodocs"],"exportName":"LowActivity"},"components-colorschemetoggle--default":{"type":"story","subtype":"story","id":"components-colorschemetoggle--default","name":"Default","title":"Components/ColorSchemeToggle","importPath":"./src/components/ColorSchemeToggle/ColorSchemeToggle.story.tsx","componentPath":"./src/components/ColorSchemeToggle/ColorSchemeToggle.tsx","tags":["dev","test"],"exportName":"Default"},"components-layout-bottomnavigation--default":{"type":"story","subtype":"story","id":"components-layout-bottomnavigation--default","name":"Default","title":"Components/Layout/BottomNavigation","importPath":"./src/components/Layout/BottomNavigation.story.tsx","componentPath":"./src/components/Layout/BottomNavigation.tsx","tags":["dev","test","autodocs"],"exportName":"Default"},"components-layout-bottomnavigation--on-transactions":{"type":"story","subtype":"story","id":"components-layout-bottomnavigation--on-transactions","name":"On Transactions","title":"Components/Layout/BottomNavigation","importPath":"./src/components/Layout/BottomNavigation.story.tsx","componentPath":"./src/components/Layout/BottomNavigation.tsx","tags":["dev","test","autodocs"],"exportName":"OnTransactions"},"components-layout-bottomnavigation--on-budget":{"type":"story","subtype":"story","id":"components-layout-bottomnavigation--on-budget","name":"On Budget","title":"Components/Layout/BottomNavigation","importPath":"./src/components/Layout/BottomNavigation.story.tsx","componentPath":"./src/components/Layout/BottomNavigation.tsx","tags":["dev","test","autodocs"],"exportName":"OnBudget"},"components-layout-bottomnavigation--on-accounts":{"type":"story","subtype":"story","id":"components-layout-bottomnavigation--on-accounts","name":"On Accounts","title":"Components/Layout/BottomNavigation","importPath":"./src/components/Layout/BottomNavigation.story.tsx","componentPath":"./src/components/Layout/BottomNavigation.tsx","tags":["dev","test","autodocs"],"exportName":"OnAccounts"},"components-overlays-overlaycard--active":{"type":"story","subtype":"story","id":"components-overlays-overlaycard--active","name":"Active","title":"Components/Overlays/OverlayCard","importPath":"./src/components/Overlays/OverlayCard.story.tsx","componentPath":"./src/components/Overlays/OverlayCard.tsx","tags":["dev","test"],"exportName":"Active"},"components-overlays-overlaycard--upcoming":{"type":"story","subtype":"story","id":"components-overlays-overlaycard--upcoming","name":"Upcoming","title":"Components/Overlays/OverlayCard","importPath":"./src/components/Overlays/OverlayCard.story.tsx","componentPath":"./src/components/Overlays/OverlayCard.tsx","tags":["dev","test"],"exportName":"Upcoming"},"components-overlays-overlaycard--past":{"type":"story","subtype":"story","id":"components-overlays-overlaycard--past","name":"Past","title":"Components/Overlays/OverlayCard","importPath":"./src/components/Overlays/OverlayCard.story.tsx","componentPath":"./src/components/Overlays/OverlayCard.tsx","tags":["dev","test"],"exportName":"Past"},"components-overlays-overlayformmodal--create-mode":{"type":"story","subtype":"story","id":"components-overlays-overlayformmodal--create-mode","name":"Create Mode","title":"Components/Overlays/OverlayFormModal","importPath":"./src/components/Overlays/OverlayFormModal.story.tsx","componentPath":"./src/components/Overlays/OverlayFormModal.tsx","tags":["dev","test"],"exportName":"CreateMode"},"components-overlays-overlayformmodal--edit-mode":{"type":"story","subtype":"story","id":"components-overlays-overlayformmodal--edit-mode","name":"Edit Mode","title":"Components/Overlays/OverlayFormModal","importPath":"./src/components/Overlays/OverlayFormModal.story.tsx","componentPath":"./src/components/Overlays/OverlayFormModal.tsx","tags":["dev","test"],"exportName":"EditMode"},"components-periods-periodcard--current":{"type":"story","subtype":"story","id":"components-periods-periodcard--current","name":"Current","title":"Components/Periods/PeriodCard","importPath":"./src/components/Periods/PeriodCard.story.tsx","componentPath":"./src/components/Periods/PeriodCard.tsx","tags":["dev","test"],"exportName":"Current"},"components-periods-periodcard--upcoming-auto":{"type":"story","subtype":"story","id":"components-periods-periodcard--upcoming-auto","name":"Upcoming Auto","title":"Components/Periods/PeriodCard","importPath":"./src/components/Periods/PeriodCard.story.tsx","componentPath":"./src/components/Periods/PeriodCard.tsx","tags":["dev","test"],"exportName":"UpcomingAuto"},"components-periods-periodcard--past":{"type":"story","subtype":"story","id":"components-periods-periodcard--past","name":"Past","title":"Components/Periods/PeriodCard","importPath":"./src/components/Periods/PeriodCard.story.tsx","componentPath":"./src/components/Periods/PeriodCard.tsx","tags":["dev","test"],"exportName":"Past"},"components-periods-periodformmodal--create-mode":{"type":"story","subtype":"story","id":"components-periods-periodformmodal--create-mode","name":"Create Mode","title":"Components/Periods/PeriodFormModal","importPath":"./src/components/Periods/PeriodFormModal.story.tsx","componentPath":"./src/components/Periods/PeriodFormModal.tsx","tags":["dev","test"],"exportName":"CreateMode"},"components-periods-periodformmodal--edit-mode":{"type":"story","subtype":"story","id":"components-periods-periodformmodal--edit-mode","name":"Edit Mode","title":"Components/Periods/PeriodFormModal","importPath":"./src/components/Periods/PeriodFormModal.story.tsx","componentPath":"./src/components/Periods/PeriodFormModal.tsx","tags":["dev","test"],"exportName":"EditMode"},"components-periods-schedulesettingsmodal--configure":{"type":"story","subtype":"story","id":"components-periods-schedulesettingsmodal--configure","name":"Configure","title":"Components/Periods/ScheduleSettingsModal","importPath":"./src/components/Periods/ScheduleSettingsModal.story.tsx","componentPath":"./src/components/Periods/ScheduleSettingsModal.tsx","tags":["dev","test"],"exportName":"Configure"},"components-periods-schedulesettingsmodal--edit-active-schedule":{"type":"story","subtype":"story","id":"components-periods-schedulesettingsmodal--edit-active-schedule","name":"Edit Active Schedule","title":"Components/Periods/ScheduleSettingsModal","importPath":"./src/components/Periods/ScheduleSettingsModal.story.tsx","componentPath":"./src/components/Periods/ScheduleSettingsModal.tsx","tags":["dev","test"],"exportName":"EditActiveSchedule"},"components-transactions-accountbadge--checking":{"type":"story","subtype":"story","id":"components-transactions-accountbadge--checking","name":"Checking","title":"Components/Transactions/AccountBadge","importPath":"./src/components/Transactions/Table/AccountBadge.story.tsx","componentPath":"./src/components/Transactions/Table/AccountBadge.tsx","tags":["dev","test"],"exportName":"Checking"},"components-transactions-accountbadge--savings":{"type":"story","subtype":"story","id":"components-transactions-accountbadge--savings","name":"Savings","title":"Components/Transactions/AccountBadge","importPath":"./src/components/Transactions/Table/AccountBadge.story.tsx","componentPath":"./src/components/Transactions/Table/AccountBadge.tsx","tags":["dev","test"],"exportName":"Savings"},"components-transactions-accountbadge--credit-card":{"type":"story","subtype":"story","id":"components-transactions-accountbadge--credit-card","name":"Credit Card","title":"Components/Transactions/AccountBadge","importPath":"./src/components/Transactions/Table/AccountBadge.story.tsx","componentPath":"./src/components/Transactions/Table/AccountBadge.tsx","tags":["dev","test"],"exportName":"CreditCard"},"components-transactions-accountbadge--all-variants":{"type":"story","subtype":"story","id":"components-transactions-accountbadge--all-variants","name":"All Variants","title":"Components/Transactions/AccountBadge","importPath":"./src/components/Transactions/Table/AccountBadge.story.tsx","componentPath":"./src/components/Transactions/Table/AccountBadge.tsx","tags":["dev","test"],"exportName":"AllVariants"},"components-transactions-categorybadge--comida":{"type":"story","subtype":"story","id":"components-transactions-categorybadge--comida","name":"Comida","title":"Components/Transactions/CategoryBadge","importPath":"./src/components/Transactions/Table/CategoryBadge.story.tsx","componentPath":"./src/components/Transactions/Table/CategoryBadge.tsx","tags":["dev","test"],"exportName":"Comida"},"components-transactions-categorybadge--farmacia":{"type":"story","subtype":"story","id":"components-transactions-categorybadge--farmacia","name":"Farmacia","title":"Components/Transactions/CategoryBadge","importPath":"./src/components/Transactions/Table/CategoryBadge.story.tsx","componentPath":"./src/components/Transactions/Table/CategoryBadge.tsx","tags":["dev","test"],"exportName":"Farmacia"},"components-transactions-categorybadge--mercado":{"type":"story","subtype":"story","id":"components-transactions-categorybadge--mercado","name":"Mercado","title":"Components/Transactions/CategoryBadge","importPath":"./src/components/Transactions/Table/CategoryBadge.story.tsx","componentPath":"./src/components/Transactions/Table/CategoryBadge.tsx","tags":["dev","test"],"exportName":"Mercado"},"components-transactions-categorybadge--transfer":{"type":"story","subtype":"story","id":"components-transactions-categorybadge--transfer","name":"Transfer","title":"Components/Transactions/CategoryBadge","importPath":"./src/components/Transactions/Table/CategoryBadge.story.tsx","componentPath":"./src/components/Transactions/Table/CategoryBadge.tsx","tags":["dev","test"],"exportName":"Transfer"},"components-transactions-categorybadge--income":{"type":"story","subtype":"story","id":"components-transactions-categorybadge--income","name":"Income","title":"Components/Transactions/CategoryBadge","importPath":"./src/components/Transactions/Table/CategoryBadge.story.tsx","componentPath":"./src/components/Transactions/Table/CategoryBadge.tsx","tags":["dev","test"],"exportName":"Income"},"components-transactions-categorybadge--all-variants":{"type":"story","subtype":"story","id":"components-transactions-categorybadge--all-variants","name":"All Variants","title":"Components/Transactions/CategoryBadge","importPath":"./src/components/Transactions/Table/CategoryBadge.story.tsx","componentPath":"./src/components/Transactions/Table/CategoryBadge.tsx","tags":["dev","test"],"exportName":"AllVariants"},"components-transactions-mobiletransactioncard--default":{"type":"story","subtype":"story","id":"components-transactions-mobiletransactioncard--default","name":"Default","title":"Components/Transactions/MobileTransactionCard","importPath":"./src/components/Transactions/List/MobileTransactionCard.story.tsx","componentPath":"./src/components/Transactions/List/MobileTransactionCard.tsx","tags":["dev","test"],"exportName":"Default"},"components-transactions-mobiletransactioncard--transfer":{"type":"story","subtype":"story","id":"components-transactions-mobiletransactioncard--transfer","name":"Transfer","title":"Components/Transactions/MobileTransactionCard","importPath":"./src/components/Transactions/List/MobileTransactionCard.story.tsx","componentPath":"./src/components/Transactions/List/MobileTransactionCard.tsx","tags":["dev","test"],"exportName":"Transfer"},"components-transactions-transactionformfields--default":{"type":"story","subtype":"story","id":"components-transactions-transactionformfields--default","name":"Default","title":"Components/Transactions/TransactionFormFields","importPath":"./src/components/Transactions/Form/TransactionFormFields.story.tsx","componentPath":"./src/components/Transactions/Form/TransactionFormFields.tsx","tags":["dev","test"],"exportName":"Default"},"components-transactions-transactionlist--default":{"type":"story","subtype":"story","id":"components-transactions-transactionlist--default","name":"Default","title":"Components/Transactions/TransactionList","importPath":"./src/components/Transactions/List/TransactionList.story.tsx","componentPath":"./src/components/Transactions/List/TransactionList.tsx","tags":["dev","test"],"exportName":"Default"},"components-transactions-transactionlist--empty":{"type":"story","subtype":"story","id":"components-transactions-transactionlist--empty","name":"Empty","title":"Components/Transactions/TransactionList","importPath":"./src/components/Transactions/List/TransactionList.story.tsx","componentPath":"./src/components/Transactions/List/TransactionList.tsx","tags":["dev","test"],"exportName":"Empty"},"components-transactions-transactionrow--outgoing":{"type":"story","subtype":"story","id":"components-transactions-transactionrow--outgoing","name":"Outgoing","title":"Components/Transactions/TransactionRow","importPath":"./src/components/Transactions/Table/TransactionRow.story.tsx","componentPath":"./src/components/Transactions/Table/TransactionRow.tsx","tags":["dev","test"],"exportName":"Outgoing"},"components-transactions-transactionrow--incoming":{"type":"story","subtype":"story","id":"components-transactions-transactionrow--incoming","name":"Incoming","title":"Components/Transactions/TransactionRow","importPath":"./src/components/Transactions/Table/TransactionRow.story.tsx","componentPath":"./src/components/Transactions/Table/TransactionRow.tsx","tags":["dev","test"],"exportName":"Incoming"},"components-transactions-transactionrow--transfer":{"type":"story","subtype":"story","id":"components-transactions-transactionrow--transfer","name":"Transfer","title":"Components/Transactions/TransactionRow","importPath":"./src/components/Transactions/Table/TransactionRow.story.tsx","componentPath":"./src/components/Transactions/Table/TransactionRow.tsx","tags":["dev","test"],"exportName":"Transfer"},"components-transactions-transactionrow--with-animation-delay":{"type":"story","subtype":"story","id":"components-transactions-transactionrow--with-animation-delay","name":"With Animation Delay","title":"Components/Transactions/TransactionRow","importPath":"./src/components/Transactions/Table/TransactionRow.story.tsx","componentPath":"./src/components/Transactions/Table/TransactionRow.tsx","tags":["dev","test"],"exportName":"WithAnimationDelay"},"components-transactions-transactionssection--default":{"type":"story","subtype":"story","id":"components-transactions-transactionssection--default","name":"Default","title":"Components/Transactions/TransactionsSection","importPath":"./src/components/Transactions/Table/TransactionsSection.story.tsx","componentPath":"./src/components/Transactions/Table/TransactionsSection.tsx","tags":["dev","test"],"exportName":"Default"},"components-transactions-transactionssection--empty":{"type":"story","subtype":"story","id":"components-transactions-transactionssection--empty","name":"Empty","title":"Components/Transactions/TransactionsSection","importPath":"./src/components/Transactions/Table/TransactionsSection.story.tsx","componentPath":"./src/components/Transactions/Table/TransactionsSection.tsx","tags":["dev","test"],"exportName":"Empty"},"components-transactions-transactionstableview--interactive-create-delete":{"type":"story","subtype":"story","id":"components-transactions-transactionstableview--interactive-create-delete","name":"Interactive Create Delete","title":"Components/Transactions/TransactionsTableView","importPath":"./src/components/Transactions/Table/TransactionsTableView.story.tsx","componentPath":"./src/components/Transactions/Table/TransactionsTableView.tsx","tags":["dev","test","play-fn"],"exportName":"InteractiveCreateDelete"},"components-transactions-transactionstableview--loading":{"type":"story","subtype":"story","id":"components-transactions-transactionstableview--loading","name":"Loading","title":"Components/Transactions/TransactionsTableView","importPath":"./src/components/Transactions/Table/TransactionsTableView.story.tsx","componentPath":"./src/components/Transactions/Table/TransactionsTableView.tsx","tags":["dev","test"],"exportName":"Loading"},"components-transactions-transactionstableview--error-story":{"type":"story","subtype":"story","id":"components-transactions-transactionstableview--error-story","name":"Error Story","title":"Components/Transactions/TransactionsTableView","importPath":"./src/components/Transactions/Table/TransactionsTableView.story.tsx","componentPath":"./src/components/Transactions/Table/TransactionsTableView.tsx","tags":["dev","test"],"exportName":"ErrorStory"},"components-transactions-transactionstats--default":{"type":"story","subtype":"story","id":"components-transactions-transactionstats--default","name":"Default","title":"Components/Transactions/TransactionStats","importPath":"./src/components/Transactions/Stats/TransactionStats.story.tsx","componentPath":"./src/components/Transactions/Stats/TransactionStats.tsx","tags":["dev","test"],"exportName":"Default"},"components-utils-currencyvalue--euro":{"type":"story","subtype":"story","id":"components-utils-currencyvalue--euro","name":"Euro","title":"Components/Utils/CurrencyValue","importPath":"./src/components/Utils/CurrencyValue.story.tsx","componentPath":"./src/components/Utils/CurrencyValue.tsx","tags":["dev","test","autodocs"],"exportName":"Euro"},"components-utils-currencyvalue--dollar":{"type":"story","subtype":"story","id":"components-utils-currencyvalue--dollar","name":"Dollar","title":"Components/Utils/CurrencyValue","importPath":"./src/components/Utils/CurrencyValue.story.tsx","componentPath":"./src/components/Utils/CurrencyValue.tsx","tags":["dev","test","autodocs"],"exportName":"Dollar"},"components-utils-currencyvalue--pound":{"type":"story","subtype":"story","id":"components-utils-currencyvalue--pound","name":"Pound","title":"Components/Utils/CurrencyValue","importPath":"./src/components/Utils/CurrencyValue.story.tsx","componentPath":"./src/components/Utils/CurrencyValue.tsx","tags":["dev","test","autodocs"],"exportName":"Pound"},"components-utils-currencyvalue--no-currency":{"type":"story","subtype":"story","id":"components-utils-currencyvalue--no-currency","name":"No Currency","title":"Components/Utils/CurrencyValue","importPath":"./src/components/Utils/CurrencyValue.story.tsx","componentPath":"./src/components/Utils/CurrencyValue.tsx","tags":["dev","test","autodocs"],"exportName":"NoCurrency"},"components-utils-currencyvalue--zero-value":{"type":"story","subtype":"story","id":"components-utils-currencyvalue--zero-value","name":"Zero Value","title":"Components/Utils/CurrencyValue","importPath":"./src/components/Utils/CurrencyValue.story.tsx","componentPath":"./src/components/Utils/CurrencyValue.tsx","tags":["dev","test","autodocs"],"exportName":"ZeroValue"},"components-utils-currencyvalue--negative-value":{"type":"story","subtype":"story","id":"components-utils-currencyvalue--negative-value","name":"Negative Value","title":"Components/Utils/CurrencyValue","importPath":"./src/components/Utils/CurrencyValue.story.tsx","componentPath":"./src/components/Utils/CurrencyValue.tsx","tags":["dev","test","autodocs"],"exportName":"NegativeValue"},"components-utils-iconpicker--default":{"type":"story","subtype":"story","id":"components-utils-iconpicker--default","name":"Default","title":"Components/Utils/IconPicker","importPath":"./src/components/Utils/IconPicker.story.tsx","componentPath":"./src/components/Utils/IconPicker.tsx","tags":["dev","test","autodocs"],"exportName":"Default"},"components-utils-iconpicker--with-label":{"type":"story","subtype":"story","id":"components-utils-iconpicker--with-label","name":"With Label","title":"Components/Utils/IconPicker","importPath":"./src/components/Utils/IconPicker.story.tsx","componentPath":"./src/components/Utils/IconPicker.tsx","tags":["dev","test","autodocs"],"exportName":"WithLabel"},"components-utils-iconpicker--food-icon":{"type":"story","subtype":"story","id":"components-utils-iconpicker--food-icon","name":"Food Icon","title":"Components/Utils/IconPicker","importPath":"./src/components/Utils/IconPicker.story.tsx","componentPath":"./src/components/Utils/IconPicker.tsx","tags":["dev","test","autodocs"],"exportName":"FoodIcon"},"components-utils-iconpicker--money-icon":{"type":"story","subtype":"story","id":"components-utils-iconpicker--money-icon","name":"Money Icon","title":"Components/Utils/IconPicker","importPath":"./src/components/Utils/IconPicker.story.tsx","componentPath":"./src/components/Utils/IconPicker.tsx","tags":["dev","test","autodocs"],"exportName":"MoneyIcon"},"design-system--palette":{"type":"story","subtype":"story","id":"design-system--palette","name":"Palette","title":"Design System","importPath":"./src/DesignSystem.story.tsx","tags":["dev","test"],"exportName":"Palette"},"design-system--typography":{"type":"story","subtype":"story","id":"design-system--typography","name":"Typography","title":"Design System","importPath":"./src/DesignSystem.story.tsx","tags":["dev","test"],"exportName":"Typography"},"design-system--brand-elements":{"type":"story","subtype":"story","id":"design-system--brand-elements","name":"Brand Elements","title":"Design System","importPath":"./src/DesignSystem.story.tsx","tags":["dev","test"],"exportName":"BrandElements"},"transactions-quickaddtransaction--default":{"type":"story","subtype":"story","id":"transactions-quickaddtransaction--default","name":"Default","title":"Transactions/QuickAddTransaction","importPath":"./src/components/Transactions/Form/QuickAddTransaction.story.tsx","componentPath":"./src/components/Transactions/Form/QuickAddTransaction.tsx","tags":["dev","test","autodocs"],"exportName":"Default"},"transactions-quickaddtransaction--with-default-date":{"type":"story","subtype":"story","id":"transactions-quickaddtransaction--with-default-date","name":"With Default Date","title":"Transactions/QuickAddTransaction","importPath":"./src/components/Transactions/Form/QuickAddTransaction.story.tsx","componentPath":"./src/components/Transactions/Form/QuickAddTransaction.tsx","tags":["dev","test","autodocs"],"exportName":"WithDefaultDate"},"transactions-quickaddtransaction--loading":{"type":"story","subtype":"story","id":"transactions-quickaddtransaction--loading","name":"Loading","title":"Transactions/QuickAddTransaction","importPath":"./src/components/Transactions/Form/QuickAddTransaction.story.tsx","componentPath":"./src/components/Transactions/Form/QuickAddTransaction.tsx","tags":["dev","test","autodocs"],"exportName":"Loading"},"transactions-quickaddtransaction--mobile":{"type":"story","subtype":"story","id":"transactions-quickaddtransaction--mobile","name":"Mobile","title":"Transactions/QuickAddTransaction","importPath":"./src/components/Transactions/Form/QuickAddTransaction.story.tsx","componentPath":"./src/components/Transactions/Form/QuickAddTransaction.tsx","tags":["dev","test","autodocs"],"exportName":"Mobile"},"welcome--usage":{"type":"story","subtype":"story","id":"welcome--usage","name":"Usage","title":"Welcome","importPath":"./src/components/Welcome/Welcome.story.tsx","tags":["dev","test"],"exportName":"Usage"}}}